Unique URL,Model,Model Year,Miles Driven,Price
/cheap-used-mercedes-benz-s-class-2016-for-sale-6037a0c1e13a50f7104055bb,Mercedes-Benz S-Class,2016,54680.56,42208
/cheap-used-mercedes-benz-s-class-2015-for-sale-6028b8e4934a3e8dd798631b,Mercedes-Benz S-Class,2015,50952.34,42822
/cheap-used-mercedes-benz-s-class-2016-for-sale-5fdf9e1e83ab945f5f510fd9,Mercedes-Benz S-Class,2016,52195.08,46256
/cheap-used-mercedes-benz-s-class-2016-for-sale-5f60150efc9df12caf05b6e4,Mercedes-Benz S-Class,2016,46602.75,48403
/cheap-used-mercedes-benz-s-class-2015-for-sale-600e9decb3407120269cd684,Mercedes-Benz S-Class,2015,45360.01,44035
/cheap-used-mercedes-benz-s-class-2016-for-sale-6022bfd194908112e1b2d511,Mercedes-Benz S-Class,2016,30447.13,44661
/cheap-used-mercedes-benz-s-class-2016-for-sale-6022bfd24f221d8b54bb69ef,Mercedes-Benz S-Class,2016,30447.13,44661
/cheap-used-mercedes-benz-s-class-2016-for-sale-60300d039aa5664e23937c44,Mercedes-Benz S-Class,2016,30447.13,44661
/cheap-used-mercedes-benz-s-class-2015-for-sale-5ffc4f532227fe368e2184b8,Mercedes-Benz S-Class,2015,44738.64,44907
/cheap-used-mercedes-benz-s-class-2015-for-sale-6022c4791f04f9a504e9334b,Mercedes-Benz S-Class,2015,39146.31,45397
/cheap-used-mercedes-benz-s-class-2015-for-sale-60195e6b88f698aec4156860,Mercedes-Benz S-Class,2015,39146.31,45397
/cheap-used-mercedes-benz-s-class-2015-for-sale-600e9dec949785daf5d62ab7,Mercedes-Benz S-Class,2015,20505.21,52021
/cheap-used-mercedes-benz-s-class-2015-for-sale-600e9def94978526b5d62ab8,Mercedes-Benz S-Class,2015,20505.21,52021
/cheap-used-mercedes-benz-s-class-2015-for-sale-603010419aa566764293c584,Mercedes-Benz S-Class,2015,27961.65,45888
/cheap-used-mercedes-benz-s-class-2015-for-sale-6022c47923374ef260a57629,Mercedes-Benz S-Class,2015,27961.65,45888
/cheap-used-lexus-es-2019-for-sale-6049bba87e285a14f25f2719,Lexus ES,2019,31068.5,54720
/cheap-used-lexus-es-2019-for-sale-60251e7cbf51656a945b82e5,Lexus ES,2019,14291.51,54708
/cheap-used-lexus-es-2019-for-sale-60081001bb3c3b045b45d775,Lexus ES,2019,18019.73,56290
/cheap-used-lexus-es-2019-for-sale-6046ae76ed9cbb4262e7df2e,Lexus ES,2019,8699.18,59982
/cheap-used-lexus-es-2019-for-sale-60439fc5efd0aaf9a87ec9b0,Lexus ES,2019,7456.44,59074
/cheap-used-lexus-es-2019-for-sale-60355d71176ce515dfca32f4,Lexus ES,2019,14912.88,59872
/cheap-used-lexus-es-2019-for-sale-6032c8a5e78428fb76f81392,Lexus ES,2019,14912.88,58755
/cheap-used-lexus-es-2019-for-sale-60224d30cd0955430666016f,Lexus ES,2019,8077.81,58768
/cheap-used-lexus-es-2019-for-sale-60224d2c0f7b9756aa0cd86f,Lexus ES,2019,2485.48,58768
/cheap-used-lexus-es-2019-for-sale-6015e9cc15aa002144afebe1,Lexus ES,2019,12116.72,60976
/cheap-used-lexus-es-2019-for-sale-600edbb4a1e1f6edf962d146,Lexus ES,2019,11806.03,60976
/cheap-used-lexus-es-2019-for-sale-6032c8a28d2da1346cc6cb3f,Lexus ES,2019,18019.73,59381
/cheap-used-lexus-es-2019-for-sale-602fb5c0752ebac42a21411e,Lexus ES,2019,16776.99,59504
/cheap-used-lexus-es-2020-for-sale-5ffa1d1086fed67411c59a4f,Lexus ES,2020,1242.74,62436
/cheap-used-lexus-es-2019-for-sale-602c54475b20697f8e5b6aad,Lexus ES,2019,3106.85,59995
/cheap-used-bmw-5-series-2015-for-sale-60289ca4a96d7f056df0dfaa,BMW 5 Series,2015,59030.15,14492
/cheap-used-bmw-5-series-2015-for-sale-6022a8f4f4625a81d25e411c,BMW 5 Series,2015,21747.95,19642
/cheap-used-bmw-5-series-2015-for-sale-6022a8f85f69c4373c8f571e,BMW 5 Series,2015,21747.95,19642
/cheap-used-bmw-5-series-2015-for-sale-5fe4ba8fa9713937279a086c,BMW 5 Series,2015,36660.83,20113
/cheap-used-bmw-5-series-2015-for-sale-602ff751fa3f0f27a7bd7cef,BMW 5 Series,2015,36660.83,18937
/cheap-used-bmw-5-series-2015-for-sale-5fe4ba91b0e1100f05bc9698,BMW 5 Series,2015,36660.83,20113
/cheap-used-bmw-5-series-2015-for-sale-60085d21f3075ea6aba80f92,BMW 5 Series,2015,26718.91,20465
/cheap-used-bmw-5-series-2015-for-sale-60085cf9f3075ee7f7a80f3f,BMW 5 Series,2015,26718.91,20465
/cheap-used-bmw-5-series-2015-for-sale-60331023ad7e56853af35427,BMW 5 Series,2015,18641.1,19642
/cheap-used-bmw-5-series-2015-for-sale-604800c07916b87cd3715cda,BMW 5 Series,2015,46540.61,20630
/cheap-used-bmw-5-series-2015-for-sale-5fc7f723fd8e8b1d8fd1f620,BMW 5 Series,2015,27961.65,20453
/cheap-used-bmw-5-series-2016-for-sale-60330645985b9f307a2cb270,BMW 5 Series,2016,32932.61,20817
/cheap-used-bmw-5-series-2015-for-sale-603310259819f9f586330598,BMW 5 Series,2015,38524.94,20817
/cheap-used-bmw-5-series-2015-for-sale-602ff77cc86094944d1d4f49,BMW 5 Series,2015,22990.69,21405
/cheap-used-bmw-5-series-2015-for-sale-60352931fabd57ee379f6d26,BMW 5 Series,2015,22990.69,21406
/cheap-used-mercedes-benz-c-class-2015-for-sale-60300dc1b5faad3d3cb184a4,Mercedes-Benz C-Class,2015,58408.78,17291
/cheap-used-mercedes-benz-c-class-2016-for-sale-6022bda19490810f37b2ad94,Mercedes-Benz C-Class,2016,61515.63,17879
/cheap-used-mercedes-benz-c-class-2015-for-sale-60300dc39aa5662efd938b81,Mercedes-Benz C-Class,2015,52816.45,18231
/cheap-used-mercedes-benz-c-class-2015-for-sale-602d0d3c9ac3c9556c9da125,Mercedes-Benz C-Class,2015,52816.45,18231
/cheap-used-mercedes-benz-c-class-2015-for-sale-60332d79ad7e562d34f3fc21,Mercedes-Benz C-Class,2015,46602.75,19290
/cheap-used-mercedes-benz-c-class-2015-for-sale-5f8bcbab7b116a2e5802d72b,Mercedes-Benz C-Class,2015,41010.42,23286
/cheap-used-mercedes-benz-c-class-2015-for-sale-60353ea094acd51e24f46da1,Mercedes-Benz C-Class,2015,35418.09,20817
/cheap-used-mercedes-benz-c-class-2015-for-sale-60353ea094acd58120f46da0,Mercedes-Benz C-Class,2015,35418.09,20817
/cheap-used-mercedes-benz-c-class-2015-for-sale-60353ea0176ce5ed43c77b22,Mercedes-Benz C-Class,2015,35418.09,20817
/cheap-used-mercedes-benz-c-class-2015-for-sale-5fd4a553e58b150587ddc5db,Mercedes-Benz C-Class,2015,41631.79,22228
/cheap-used-mercedes-benz-c-class-2016-for-sale-6027dabda1ee74a26accb942,Mercedes-Benz C-Class,2016,47224.12,21641
/cheap-used-mercedes-benz-c-class-2016-for-sale-6028b09d6f2a722bd57d4723,Mercedes-Benz C-Class,2016,47224.12,21641
/cheap-used-mercedes-benz-c-class-2016-for-sale-6025b8fa66da6265a7b09900,Mercedes-Benz C-Class,2016,47907.63,22769
/cheap-used-mercedes-benz-c-class-2015-for-sale-60474f207916b8c92d6d9dc0,Mercedes-Benz C-Class,2015,32311.24,22581
/cheap-used-mercedes-benz-c-class-2016-for-sale-6033281c98d7130bd3f4a59e,Mercedes-Benz C-Class,2016,14912.88,22205
/cheap-used-honda-accord-2015-for-sale-60316d8f029fee47edc3eb96,Honda Accord,2015,51573.71,12267
/cheap-used-honda-accord-2015-for-sale-5ff763810420bfd28ef78780,Honda Accord,2015,62137.0,13278
/cheap-used-honda-accord-2015-for-sale-604852737b768f56a92834ba,Honda Accord,2015,42253.16,17738
/cheap-used-honda-accord-2015-for-sale-602abf0b623e90a7605bceb8,Honda Accord,2015,21747.95,18584
/cheap-used-honda-accord-2015-for-sale-601db36637ff9250084194ae,Honda Accord,2015,13670.14,21053
/cheap-used-honda-accord-2015-for-sale-601f351ee802641513b5342e,Honda Accord,2015,13670.14,21053
/cheap-used-honda-accord-2015-for-sale-5f588e81bd0f1f3c7352dd16,Honda Accord,2015,18019.73,23110
/cheap-used-honda-accord-2016-for-sale-5fdc79c5c4e95b0f0dd42928,Honda Accord,2016,27961.65,22816
/cheap-used-honda-accord-2016-for-sale-60341e01fd98fed0e3379b70,Honda Accord,2016,29204.39,23875
/cheap-used-honda-accord-2016-for-sale-5f64c6aa7a98e909c542fd10,Honda Accord,2016,19883.84,26919
/cheap-used-honda-accord-2015-for-sale-5f5956221a7d0f5314b9b65b,Honda Accord,2015,15534.25,24896
/cheap-used-honda-accord-2016-for-sale-604bf8c80b21213edb954f68,Honda Accord,2016,8947.73,25696
/cheap-used-honda-accord-2018-for-sale-60416d8909dfa1c57bb95a20,Honda Accord,2018,30819.95,25696
/cheap-used-honda-accord-2018-for-sale-602e930ca066312082692a2f,Honda Accord,2018,48466.86,25167
/cheap-used-honda-accord-2017-for-sale-603d2ec9f0074de26a073edc,Honda Accord,2017,33553.98,26695
/cheap-used-toyota-camry-2015-for-sale-6032e99fad7e563606f0f0ac,Toyota Camry,2015,61018.53,12829
/cheap-used-toyota-camry-2015-for-sale-6031b874063f3aaaa136551e,Toyota Camry,2015,61515.63,12829
/cheap-used-toyota-camry-2015-for-sale-60076af8df383347caf19c8c,Toyota Camry,2015,56917.49,13279
/cheap-used-toyota-camry-2015-for-sale-5ff9dbc1ac73735c637d3f7c,Toyota Camry,2015,57166.04,13279
/cheap-used-toyota-camry-2016-for-sale-602be74ffe3be27df41a6131,Toyota Camry,2016,34175.35,13379
/cheap-used-toyota-camry-2015-for-sale-60248b9f4d5cad7dd6e33ca2,Toyota Camry,2015,57787.41,14009
/cheap-used-toyota-camry-2015-for-sale-602c17b7209641e563d77739,Toyota Camry,2015,32932.61,14009
/cheap-used-toyota-camry-2015-for-sale-60279953f4d59b3c01e25c98,Toyota Camry,2015,42874.53,14752
/cheap-used-toyota-camry-2015-for-sale-6031bcb1c24ba06f74ff888e,Toyota Camry,2015,48466.86,14493
/cheap-used-toyota-camry-2015-for-sale-6029d10f249b9b241a002b1a,Toyota Camry,2015,48466.86,15055
/cheap-used-toyota-camry-2015-for-sale-6031c767c24ba02eb30008ea,Toyota Camry,2015,49088.23,15168
/cheap-used-toyota-camry-2015-for-sale-5fe10c9a8441e76cd5e99d09,Toyota Camry,2015,49088.23,15393
/cheap-used-toyota-camry-2015-for-sale-6041690dd21574c7798bd45f,Toyota Camry,2015,32932.61,15853
/cheap-used-toyota-camry-2015-for-sale-6016168f40a255bc1b9b7420,Toyota Camry,2015,50952.34,15415
/cheap-used-toyota-camry-2015-for-sale-6034955a199e9af7301ede19,Toyota Camry,2015,35418.09,15415
/cheap-used-volkswagen-golf-gti-2015-for-sale-5f70085efb8c52549dde88bd,Volkswagen Golf GTI,2015,30447.13,20007
/cheap-used-volkswagen-golf-gti-2015-for-sale-5fbbfa905b6e6d4ee79d93d8,Volkswagen Golf GTI,2015,27340.28,28107
/cheap-used-volkswagen-golf-gti-2016-for-sale-6022b85cc894c67e7c289b2a,Volkswagen Golf GTI,2016,4970.96,26931
/cheap-used-volkswagen-golf-gti-2017-for-sale-6049515769c4c1a256005705,Volkswagen Golf GTI,2017,19262.47,29282
/cheap-used-volkswagen-golf-gti-2015-for-sale-5f98315ea11f98670b454437,Volkswagen Golf GTI,2015,43495.9,28929
/cheap-used-volkswagen-golf-gti-2016-for-sale-5f83900177d6c0d197cd59da,Volkswagen Golf GTI,2016,30819.95,34051
/cheap-used-volkswagen-golf-gti-2017-for-sale-600c0beee57e5851dba20af2,Volkswagen Golf GTI,2017,34796.72,32220
/cheap-used-volkswagen-golf-gti-2016-for-sale-5f93617e23a25a870a627627,Volkswagen Golf GTI,2016,24233.43,35277
/cheap-used-volkswagen-golf-gti-2018-for-sale-602ff9c097c68e4b98c128e5,Volkswagen Golf GTI,2018,14912.88,32220
/cheap-used-volkswagen-golf-gti-2016-for-sale-5fc63fadbcf27a494606483c,Volkswagen Golf GTI,2016,18019.73,35216
/cheap-used-volkswagen-golf-gti-2018-for-sale-5fa1e5e98f10047c23ea3044,Volkswagen Golf GTI,2018,10811.84,39129
/cheap-used-volkswagen-golf-gti-2018-for-sale-5fa24ec0472378c976b431c5,Volkswagen Golf GTI,2018,11184.66,39129
/cheap-used-volkswagen-golf-gti-2018-for-sale-5fd54ccce230086be7bea899,Volkswagen Golf GTI,2018,21561.54,37731
/cheap-used-volkswagen-golf-gti-2018-for-sale-6001d6afcceb873472dab7e8,Volkswagen Golf GTI,2018,4970.96,38528
/cheap-used-volkswagen-golf-gti-2016-for-sale-6011db0daa01de76ffe1eae6,Volkswagen Golf GTI,2016,19883.84,36664
/cheap-used-volkswagen-tiguan-2015-for-sale-602ffed897c68e4353c17249,Volkswagen Tiguan,2015,44738.64,10580
/cheap-used-volkswagen-tiguan-2015-for-sale-602cf9fdbf5c283b776fed7e,Volkswagen Tiguan,2015,44738.64,12829
/cheap-used-volkswagen-tiguan-2016-for-sale-6027db15a1ee744f29ccbbe0,Volkswagen Tiguan,2016,44738.64,14515
/cheap-used-volkswagen-tiguan-2016-for-sale-6033150f7df65a0ad332fc34,Volkswagen Tiguan,2016,25476.17,14403
/cheap-used-volkswagen-tiguan-2016-for-sale-6022b7184f221d7308bafc4f,Volkswagen Tiguan,2016,34796.72,14515
/cheap-used-volkswagen-tiguan-2015-for-sale-5fb1fa3755054a4793efd80e,Volkswagen Tiguan,2015,32311.24,18936
/cheap-used-volkswagen-tiguan-2016-for-sale-5fcf80e6e6f2639a61dab037,Volkswagen Tiguan,2016,36660.83,17503
/cheap-used-volkswagen-tiguan-2015-for-sale-6033db2fd8ec0284f700aa73,Volkswagen Tiguan,2015,7456.44,16938
/cheap-used-volkswagen-tiguan-2016-for-sale-602ffcfb97c68e1a3ac15647,Volkswagen Tiguan,2016,19262.47,18466
/cheap-used-volkswagen-tiguan-2016-for-sale-6028a5e46f2a722cb97d1b99,Volkswagen Tiguan,2016,19262.47,19290
/cheap-used-volkswagen-tiguan-2016-for-sale-6028a5e76bc00d7b39e0972f,Volkswagen Tiguan,2016,19262.47,19290
/cheap-used-volkswagen-tiguan-2015-for-sale-5e8f6af050a7bec5b6e03746,Volkswagen Tiguan,2015,18019.73,19290
/cheap-used-volkswagen-tiguan-2015-for-sale-5ff07c6b3a9b189da76924de,Volkswagen Tiguan,2015,18019.73,19055
/cheap-used-volkswagen-tiguan-2016-for-sale-602a88a62b33b6c30e589ead,Volkswagen Tiguan,2016,23612.06,20442
/cheap-used-volkswagen-tiguan-2015-for-sale-60417ba8284cde4f5b63a1b9,Volkswagen Tiguan,2015,29204.39,21053
/cheap-used-audi-a4-2015-for-sale-602ff348fa3f0f04b4bd3351,Audi A4,2015,18019.73,14403
/cheap-used-audi-a4-2015-for-sale-60330177ad7e56038bf2561c,Audi A4,2015,18019.73,14459
/cheap-used-audi-a4-2017-for-sale-6032fb956efaf73ed0a70978,Audi A4,2017,62758.37,15640
/cheap-used-audi-a4-2016-for-sale-6032fea97df65a391a31b936,Audi A4,2016,58408.78,16939
/cheap-used-audi-a4-2015-for-sale-60191e14bfa17784683e5060,Audi A4,2015,43495.9,17409
/cheap-used-audi-a4-2016-for-sale-6005edd065956a1a3d21dc3f,Audi A4,2016,47845.49,19290
/cheap-used-audi-a4-2015-for-sale-603d2e97f0074d136f073d46,Audi A4,2015,5592.33,20077
/cheap-used-audi-a4-2015-for-sale-60351e444c50c337de98d739,Audi A4,2015,16155.62,19642
/cheap-used-audi-a4-2016-for-sale-60351aa8c34e8c6f65557769,Audi A4,2016,67729.33,19877
/cheap-used-audi-a4-2015-for-sale-602a763b85f98ada6a932382,Audi A4,2015,16155.62,19995
/cheap-used-audi-a4-2015-for-sale-6046fd0a7916b8bebe6b2f10,Audi A4,2015,14912.88,21876
/cheap-used-audi-a4-2016-for-sale-6008581d7c8ad843022142f6,Audi A4,2016,67729.33,24579
/cheap-used-audi-a4-2016-for-sale-60459c01ed9cbb531be0ad2f,Audi A4,2016,25476.17,22581
/cheap-used-audi-a4-2017-for-sale-602fef7bc8609413201cbbc8,Audi A4,2017,49709.6,22322
/cheap-used-audi-a4-2015-for-sale-5f943c06464028dc85eac6ab,Audi A4,2015,18019.73,25167
/cheap-used-porsche-911-2015-for-sale-5fe4db2a45d618fbf49976dc,Porsche 911,2015,44117.27,93445
/cheap-used-porsche-911-2015-for-sale-5fbc04bc22c52cce8450c37d,Porsche 911,2015,8077.81,105381
/cheap-used-porsche-911-2016-for-sale-5f87443784c2fc3904d04c92,Porsche 911,2016,19262.47,111391
/cheap-used-porsche-911-2017-for-sale-602d16e8bf5c285dd671cae7,Porsche 911,2017,7456.44,112863
/cheap-used-porsche-911-2016-for-sale-604bf7eb0c62da5afa4a3efd,Porsche 911,2016,30447.13,117647
/cheap-used-porsche-911-2017-for-sale-5ffa68241b88dbb572c1641d,Porsche 911,2017,20505.21,117402
/cheap-used-porsche-911-2016-for-sale-6022c6a123374e0798a591e1,Porsche 911,2016,8699.18,118506
/cheap-used-porsche-911-2016-for-sale-6028bbfdbcbc7a702ecb156d,Porsche 911,2016,8699.18,118506
/cheap-used-porsche-911-2018-for-sale-5f9f7fc71d31d4ff82d3b59a,Porsche 911,2018,10563.29,121327
/cheap-used-porsche-911-2017-for-sale-603338ec6efaf74593a9548f,Porsche 911,2017,22990.69,121940
/cheap-used-porsche-911-2017-for-sale-603338ed6971b2bc9da5eedb,Porsche 911,2017,22990.69,121940
/cheap-used-porsche-911-2018-for-sale-6022c55b23374e7845a58101,Porsche 911,2018,4970.96,121940
/cheap-used-porsche-911-2018-for-sale-60195ea57a0ecd40f712825e,Porsche 911,2018,4970.96,121940
/cheap-used-porsche-911-2017-for-sale-604954163a1a726b5c770417,Porsche 911,2017,6213.7,128687
/cheap-used-porsche-911-2015-for-sale-5fb8f03670cec75ef7b33154,Porsche 911,2015,21747.95,128675
/cheap-used-mercedes-benz-s-class-2015-for-sale-6022c47a23374efdb8a576c6,Mercedes-Benz S-Class,2015,27961.65,45888
/cheap-used-mercedes-benz-s-class-2016-for-sale-6029ac194af5d4e6bb074fba,Mercedes-Benz S-Class,2016,29204.39,47483
/cheap-used-mercedes-benz-s-class-2015-for-sale-60122ea07e988fcbc154b0f4,Mercedes-Benz S-Class,2015,26718.91,48341
/cheap-used-mercedes-benz-s-class-2015-for-sale-603331c0612e5b7cb16f44a3,Mercedes-Benz S-Class,2015,40389.05,46501
/cheap-used-mercedes-benz-s-class-2016-for-sale-60332b6cc53589687074f31a,Mercedes-Benz S-Class,2016,37282.2,47115
/cheap-used-lexus-es-2019-for-sale-602072df8df1f0fc0a9af397,Lexus ES,2019,11184.66,62301
/cheap-used-lexus-es-2019-for-sale-602ef17de8df1a698fa1639b,Lexus ES,2019,11060.39,62301
/cheap-used-lexus-es-2019-for-sale-601534fb3644b32d2d86ebf3,Lexus ES,2019,12427.4,60975
/cheap-used-lexus-es-2019-for-sale-601534fe926dee35fb1fc410,Lexus ES,2019,12427.4,60975
/cheap-used-lexus-es-2019-for-sale-602064b4b5ca05dcc1f3c19a,Lexus ES,2019,16776.99,61099
/cheap-used-bmw-5-series-2015-for-sale-603310296efaf7767aa85c38,BMW 5 Series,2015,34175.35,21406
/cheap-used-bmw-5-series-2015-for-sale-602db97901c807f41a83e052,BMW 5 Series,2015,29204.39,24732
/cheap-used-bmw-5-series-2016-for-sale-5fa4f6095dcf713ebb2e7171,BMW 5 Series,2016,45981.38,22346
/cheap-used-bmw-5-series-2015-for-sale-5f5a32baa453878670d90803,BMW 5 Series,2015,27340.28,22463
/cheap-used-bmw-5-series-2016-for-sale-604011c26e5b0102499507b1,BMW 5 Series,2016,49088.23,23404
/cheap-used-mercedes-benz-c-class-2015-for-sale-6022c217949081589db2fd14,Mercedes-Benz C-Class,2015,61515.63,22228
/cheap-used-mercedes-benz-c-class-2016-for-sale-60257171f9a46710d35a40e6,Mercedes-Benz C-Class,2016,48466.86,22769
/cheap-used-mercedes-benz-c-class-2015-for-sale-5f139df92c7fe5f473398db5,Mercedes-Benz C-Class,2015,17398.36,23169
/cheap-used-mercedes-benz-c-class-2015-for-sale-5fbc026822c52c69365085da,Mercedes-Benz C-Class,2015,39146.31,22581
/cheap-used-mercedes-benz-c-class-2016-for-sale-60300b399aa566592d9360da,Mercedes-Benz C-Class,2016,20505.21,22816
/cheap-used-honda-accord-2017-for-sale-600b5b1b93aa311e22cd665d,Honda Accord,2017,13545.87,26778
/cheap-used-honda-accord-2017-for-sale-600af693df809a178bb94801,Honda Accord,2017,13670.14,26778
/cheap-used-honda-accord-2017-for-sale-60417f0109dfa103dcbac225,Honda Accord,2017,10563.29,28694
/cheap-used-honda-accord-2019-for-sale-6033eee1d8ec021ad002842a,Honda Accord,2019,11806.03,28106
/cheap-used-honda-accord-2018-for-sale-5f9db340d3db95d2843509e0,Honda Accord,2018,12427.4,28812
/cheap-used-toyota-camry-2015-for-sale-5f5ce035110ed32bf239acbf,Toyota Camry,2015,36039.46,16938
/cheap-used-toyota-camry-2015-for-sale-6032a0220d3f728647eec43d,Toyota Camry,2015,23612.06,15977
/cheap-used-toyota-camry-2015-for-sale-602c7dd8cac401e1c6f7a463,Toyota Camry,2015,10563.29,18114
/cheap-used-toyota-camry-2015-for-sale-6032a0261f4e8d7e6f895f9c,Toyota Camry,2015,17398.36,16938
/cheap-used-toyota-camry-2015-for-sale-5f0f44c8adc36a8abe28f64c,Toyota Camry,2015,8699.18,18584
